{"sampling_freq": 62.5, "draw_graphs": true, "axes": ["x", "y", "z"], "implementation_version": 1, "params": {"scale_axes": 1, "filter_type": "low", "filter_cutoff": 3, "filter_order": 6, "fft_length": 128, "spectral_peaks_count": 3, "spectral_peaks_threshold": 0.1, "spectral_power_edges": [0.1, 0.5, 1.0, 2.0, 5.0], "do_log": false, "do_fft_overlap": true}, "features": [-3.5, 0.7000000000000001, 4.6000000000000005, -3.2, 0.9, 3.6, -2.6, 1.1, 2.9000000000000004, -2.0, 1.2000000000000002, 2.5, -1.3, 1.3, 2.4000000000000004, -1.3, 1.3, 2.4000000000000004, -0.7000000000000001, 1.3, 2.7, -0.1, 1.2000000000000002, 3.1, 0.2, 0.8, 3.5, 0.4, 0.5, 3.8000000000000003, 1.1, 0.4, 4.4, 2.4000000000000004, 0.4, 5.300000000000001, 4.1000000000000005, 0.7000000000000001, 6.2, 4.9, 1.1, 7.0, 4.5, 1.5, 8.1, 3.2, 1.2000000000000002, 9.200000000000001, 1.3, 0.7000000000000001, 10.5, 0.30000000000000004, 0.4, 12.100000000000001, 0.2, 0.2, 14.0, 0.4, 0.2, 16.2, 0.2, 0.1, 17.900000000000002, -0.8, 0.0, 18.900000000000002, -1.7000000000000002, 0.1, 19.0, -1.9000000000000001, 0.0, 18.1, -1.7000000000000002, 0.0, 16.900000000000002, -1.5, 0.30000000000000004, 15.700000000000001, -1.9000000000000001, 0.6000000000000001, 14.600000000000001, -3.0, 0.8, 13.8, -5.0, 0.6000000000000001, 13.700000000000001, -6.9, 0.5, 14.9, -6.9, 0.5, 14.9, -8.4, 0.4, 16.400000000000002, -9.200000000000001, 0.2, 17.2, -9.1, 0.30000000000000004, 16.6, -9.200000000000001, 0.30000000000000004, 14.8, -9.3, 0.4, 12.200000000000001, -9.4, 0.5, 10.0, -9.1, 0.7000000000000001, 8.5, -8.700000000000001, 1.0, 7.4, -8.0, 1.3, 6.4, -7.7, 1.5, 5.800000000000001, -7.1000000000000005, 1.7000000000000002, 5.4, -6.5, 1.7000000000000002, 4.7, -6.0, 1.7000000000000002, 3.7, -5.1000000000000005, 1.9000000000000001, 3.0, -4.4, 2.0, 2.5, -3.6, 2.3000000000000003, 2.3000000000000003, -2.7, 2.4000000000000004, 2.5, -1.7000000000000002, 2.6, 2.7, -0.9, 2.6, 2.9000000000000004, -0.30000000000000004, 2.4000000000000004, 3.2, 0.30000000000000004, 2.2, 3.0, 0.7000000000000001, 1.7000000000000002, 2.9000000000000004, 1.4000000000000001, 1.5, 3.4000000000000004, 2.8000000000000003, 1.3, 4.1000000000000005, 2.8000000000000003, 1.3, 4.1000000000000005, 4.2, 1.3, 4.800000000000001, 5.2, 1.4000000000000001, 5.5, 5.0, 1.2000000000000002, 5.9, 3.8000000000000003, 0.9, 5.9, 2.2, 0.6000000000000001, 6.300000000000001, 0.6000000000000001, 0.30000000000000004, 7.300000000000001, -0.2, 0.0, 9.5, 0.6000000000000001, -0.2, 12.5, 1.1, -0.7000000000000001, 15.9, 1.4000000000000001, -0.8, 18.8, 0.5, -0.7000000000000001, 19.400000000000002, -0.9, -0.7000000000000001, 18.7, -2.0, -0.4, 17.8, -2.5, 0.2, 16.900000000000002, -3.2, 0.6000000000000001, 16.0, -4.2, 0.6000000000000001, 15.4, -5.2, 0.8, 15.600000000000001, -5.800000000000001, 1.1, 15.600000000000001, -6.4, 1.3, 15.0, -8.200000000000001, 1.0, 14.3, -10.0, 0.7000000000000001, 14.200000000000001, -10.4, 0.6000000000000001, 14.5, -10.100000000000001, 0.6000000000000001, 14.3, -9.8, 0.6000000000000001, 13.0, -9.8, 0.6000000000000001, 13.0, -9.5, 0.8, 11.200000000000001, -9.1, 0.8, 9.4, -8.700000000000001, 1.0, 7.9, -8.5, 1.2000000000000002, 7.1000000000000005, -8.4, 1.4000000000000001, 6.7, -8.5, 1.3, 6.800000000000001, -7.9, 1.3, 7.4, -6.7, 1.4000000000000001, 7.5, -5.9, 1.4000000000000001, 6.7, -4.9, 1.4000000000000001, 5.6000000000000005, -4.1000000000000005, 1.7000000000000002, 4.5, -4.0, 1.8, 3.6, -4.0, 2.0, 3.1, -3.3000000000000003, 2.1, 3.0, -2.3000000000000003, 2.1, 3.2, -1.2000000000000002, 2.2, 3.3000000000000003, -0.2, 2.1, 3.5, 0.7000000000000001, 2.2, 3.3000000000000003, 1.0, 2.1, 2.9000000000000004, 0.7000000000000001, 1.7000000000000002, 2.5, 0.5, 1.2000000000000002, 2.6, 1.1, 0.6000000000000001, 3.3000000000000003, 2.3000000000000003, 0.5, 4.1000000000000005, 2.9000000000000004, 0.7000000000000001, 5.4, 2.9000000000000004, 0.7000000000000001, 5.4, 3.1, 1.0, 6.9, 2.6, 1.1, 8.1, 2.4000000000000004, 1.4000000000000001, 8.700000000000001, 1.9000000000000001, 1.7000000000000002, 9.0, 1.3, 1.4000000000000001, 9.600000000000001, 1.0, 0.8, 11.3, 1.2000000000000002, 0.4, 13.8, 1.6, 0.1, 16.400000000000002, 1.6, -0.2, 17.7, -0.5, -0.9, 17.7, -2.4000000000000004, -0.9, 17.2, -2.8000000000000003, -0.4, 16.400000000000002, -2.5, -0.1, 15.700000000000001, -2.8000000000000003, -0.2, 15.8, -3.2, 0.2, 16.3, -4.0, 0.4, 15.5, -6.1000000000000005, 0.2, 13.9, -7.9, 0.1, 13.5, -8.8, -0.1, 14.0, -9.700000000000001, -0.30000000000000004, 15.4, -10.4, -0.4, 16.3, -10.100000000000001, -0.4, 16.0, -9.200000000000001, -0.2, 14.0, -9.1, -0.2, 11.200000000000001, -9.1, -0.2, 11.200000000000001, -9.4, 0.0, 8.700000000000001, -9.1, 0.30000000000000004, 7.4, -8.4, 0.7000000000000001, 7.5, -7.800000000000001, 1.1, 7.9, -7.5, 1.3, 7.7, -7.7, 1.3, 7.2, -7.800000000000001, 1.3, 6.800000000000001, -7.1000000000000005, 1.3, 6.300000000000001, -6.1000000000000005, 1.5, 5.6000000000000005, -5.4, 1.7000000000000002, 4.5, -4.6000000000000005, 1.9000000000000001, 3.7, -3.9000000000000004, 2.1, 3.3000000000000003, -3.3000000000000003, 2.1, 3.6, -2.7, 2.2, 3.9000000000000004, -2.4000000000000004, 2.0, 4.1000000000000005, -1.5, 2.1, 4.5, -0.6000000000000001, 2.3000000000000003, 4.6000000000000005, 0.1, 2.5, 4.3, 0.8, 2.7, 3.6, 0.8, 2.6, 3.1, 0.6000000000000001, 2.3000000000000003, 3.4000000000000004, 1.0, 2.0, 4.3, 1.6, 1.8, 5.6000000000000005, 2.5, 1.7000000000000002, 6.7, 2.5, 1.7000000000000002, 6.7, 3.7, 1.8, 7.2, 4.3, 2.0, 6.800000000000001, 3.9000000000000004, 2.3000000000000003, 6.1000000000000005, 1.9000000000000001, 2.1, 6.300000000000001, -0.8, 1.7000000000000002, 7.7, -2.3000000000000003, 0.9, 9.9, -1.6, 0.4, 13.0, 0.1, 0.2, 15.5, 1.0, 0.30000000000000004, 16.400000000000002, 1.4000000000000001, 0.5, 15.3, -0.2, -0.1, 12.9, -2.4000000000000004, -0.5, 11.9, -2.6, -0.5, 13.8, -1.5, -0.4, 16.0, -1.1, -0.2, 16.6, -1.5, -0.30000000000000004, 16.0, -2.3000000000000003, -0.4, 14.9, -3.2, -0.1, 14.100000000000001, -5.0, -0.1, 14.0, -7.1000000000000005, 0.1, 14.200000000000001, -8.9, 0.30000000000000004, 14.8, -9.200000000000001, 0.6000000000000001, 15.200000000000001, -9.5, 0.7000000000000001, 14.8, -10.200000000000001, 0.6000000000000001, 13.9, -10.200000000000001, 0.6000000000000001, 13.9, -10.8, 0.2, 12.9, -10.700000000000001, 0.2, 11.700000000000001, -9.8, 0.30000000000000004, 10.600000000000001, -9.0, 0.5, 9.600000000000001, -8.4, 0.7000000000000001, 8.4, -8.3, 1.0, 7.2, -8.200000000000001, 1.2000000000000002, 6.4, -7.800000000000001, 1.3, 5.5, -7.4, 1.4000000000000001, 5.0, -6.9, 1.4000000000000001, 4.5, -6.300000000000001, 1.5, 4.2, -6.300000000000001, 1.5, 4.2, -5.0, 1.8, 3.7, -4.4, 2.0, 3.6, -3.8000000000000003, 2.1, 3.4000000000000004, -3.0, 2.1, 3.5, -2.2, 2.1, 3.2, -1.7000000000000002, 2.0, 3.1, -1.0, 2.1, 3.4000000000000004, -0.5, 2.0, 3.9000000000000004, -0.5, 1.6, 4.7, 0.4, 1.6, 4.800000000000001, 1.3, 1.6, 4.4, 1.6, 1.7000000000000002, 4.0, 1.6, 1.7000000000000002, 4.0, 1.9000000000000001, 1.5, 4.4, 2.3000000000000003, 1.3, 5.5, 2.2, 1.1, 6.800000000000001, 1.3, 0.8, 7.6000000000000005, 0.7000000000000001, 0.8, 8.4, 0.7000000000000001, 0.5, 9.3, 1.2000000000000002, 0.30000000000000004, 10.0, 1.6, 0.4, 11.0, 1.0, 0.6000000000000001, 12.200000000000001, -1.0, 0.6000000000000001, 13.9, -2.2, 0.5, 15.4, -2.6, 0.30000000000000004, 16.5, -2.7, 0.0, 17.2, -2.5, -0.1, 17.900000000000002, -2.6, -0.1, 18.0, -3.3000000000000003, -0.1, 16.8, -3.6, -0.2, 15.3, -3.6, -0.1, 14.3, -4.4, 0.2, 14.0, -5.6000000000000005, 0.4, 13.9, -7.2, 0.5, 13.9, -8.200000000000001, 0.30000000000000004, 14.0, -9.200000000000001, 0.0, 14.100000000000001, -10.100000000000001, -0.30000000000000004, 14.4, -10.100000000000001, -0.30000000000000004, 14.4, -10.200000000000001, -0.4, 14.4, -9.700000000000001, -0.4, 13.200000000000001, -9.3, -0.1, 11.200000000000001, -9.4, 0.2, 9.200000000000001, -9.200000000000001, 0.6000000000000001, 7.800000000000001, -9.1, 0.9, 6.7, -8.8, 1.1, 5.7, -8.4, 1.1, 5.1000000000000005, -8.200000000000001, 1.0, 5.2, 