{"sampling_freq": 62.5, "draw_graphs": true, "axes": ["x", "y", "z"], "implementation_version": 1, "params": {"scale_axes": 1, "filter_type": "low", "filter_cutoff": 3, "filter_order": 6, "fft_length": 128, "spectral_peaks_count": 3, "spectral_peaks_threshold": 0.1, "spectral_power_edges": [0.1, 0.5, 1.0, 2.0, 5.0], "do_log": false, "do_fft_overlap": true}, "features": [1.3, -0.8, 4.800000000000001, 2.9000000000000004, -0.8, 5.5, 4.6000000000000005, -0.30000000000000004, 6.2, 5.1000000000000005, 0.1, 6.800000000000001, 4.5, 0.4, 7.0, 2.8000000000000003, 0.0, 7.4, 1.2000000000000002, -0.4, 8.8, 1.5, -0.30000000000000004, 11.5, 2.4000000000000004, -0.30000000000000004, 14.600000000000001, 3.1, -0.4, 17.1, 2.6, -0.6000000000000001, 18.400000000000002, 1.0, -0.6000000000000001, 18.2, -1.1, -0.7000000000000001, 17.5, -2.1, -0.6000000000000001, 16.6, -2.2, -0.5, 15.700000000000001, -2.5, -0.30000000000000004, 15.4, -3.2, 0.0, 15.700000000000001, -4.6000000000000005, 0.0, 15.3, -6.0, 0.0, 15.0, -6.800000000000001, 0.5, 15.0, -8.200000000000001, 0.5, 15.3, -9.700000000000001, 0.30000000000000004, 16.1, -10.0, 0.30000000000000004, 16.8, -9.700000000000001, 0.1, 15.600000000000001, -9.600000000000001, 0.0, 13.100000000000001, -9.600000000000001, 0.0, 13.100000000000001, -9.4, 0.30000000000000004, 10.8, -8.700000000000001, 0.6000000000000001, 8.9, -8.0, 0.9, 7.4, -7.6000000000000005, 1.3, 6.1000000000000005, -7.800000000000001, 1.4000000000000001, 5.1000000000000005, -8.1, 1.3, 4.4, -8.0, 1.3, 4.6000000000000005, -7.1000000000000005, 1.4000000000000001, 5.4, -6.2, 1.4000000000000001, 5.800000000000001, -5.300000000000001, 1.4000000000000001, 5.4, -4.6000000000000005, 1.6, 4.2, -4.2, 1.8, 3.0, -4.5, 1.8, 2.2, -4.2, 1.8, 2.3000000000000003, -3.6, 1.6, 3.2, -3.0, 1.5, 4.5, -1.3, 1.6, 5.5, 0.1, 1.7000000000000002, 5.7, 0.8, 1.6, 5.4, 1.1, 1.5, 4.9, 1.4000000000000001, 1.0, 4.9, 2.2, 0.6000000000000001, 5.5, 3.3000000000000003, 0.4, 6.2, 4.4, 0.5, 7.1000000000000005, 5.2, 0.4, 7.9, 5.2, 0.4, 7.9, 5.300000000000001, 0.30000000000000004, 8.4, 4.5, 0.4, 8.0, 3.2, 0.5, 7.6000000000000005, 2.7, 0.5, 8.3, 2.8000000000000003, 0.4, 10.100000000000001, 2.3000000000000003, 0.1, 12.0, 1.9000000000000001, 0.2, 14.0, 1.0, 0.0, 15.5, 0.2, -0.1, 16.2, -0.4, 0.1, 16.5, -2.2, -0.1, 16.400000000000002, -3.7, 0.0, 16.8, -4.6000000000000005, 0.0, 17.7, -5.1000000000000005, 0.1, 18.3, -5.4, 0.2, 18.2, -6.2, 0.30000000000000004, 17.1, -7.300000000000001, 0.4, 15.8, -8.6, 0.5, 14.8, -9.9, 0.8, 13.8, -10.100000000000001, 1.2000000000000002, 13.100000000000001, -9.8, 1.4000000000000001, 12.200000000000001, -9.3, 1.4000000000000001, 11.200000000000001, -9.8, 1.2000000000000002, 10.600000000000001, -10.5, 1.1, 10.200000000000001, -10.5, 1.1, 10.200000000000001, -10.200000000000001, 1.1, 9.9, -9.200000000000001, 1.3, 8.700000000000001, -8.1, 1.6, 7.0, -7.2, 1.8, 5.6000000000000005, -6.1000000000000005, 2.1, 4.800000000000001, -5.7, 2.3000000000000003, 4.3, -5.5, 2.3000000000000003, 4.1000000000000005, -5.2, 2.4000000000000004, 3.8000000000000003, -4.7, 2.4000000000000004, 3.8000000000000003, -4.0, 2.5, 3.8000000000000003, -3.3000000000000003, 2.5, 3.6, -2.7, 2.5, 3.3000000000000003, -2.2, 2.4000000000000004, 3.2, -1.7000000000000002, 2.4000000000000004, 3.4000000000000004, -1.0, 2.5, 3.7, -0.6000000000000001, 2.2, 4.1000000000000005, -0.2, 1.8, 4.2, 0.2, 1.2000000000000002, 4.5, 1.1, 0.8, 5.0, 2.1, 0.8, 5.6000000000000005, 3.2, 0.8, 6.0, 4.2, 0.9, 6.2, 4.2, 0.7000000000000001, 6.1000000000000005, 2.9000000000000004, 0.2, 5.7, 2.9000000000000004, 0.2, 5.7, 1.1, -0.1, 5.300000000000001, -0.30000000000000004, -0.7000000000000001, 6.1000000000000005, 0.1, -1.6, 8.6, 3.2, -1.5, 11.4, 7.4, 0.1, 14.4, 7.4, 0.1, 14.4, 4.7, 0.1, 14.700000000000001, 1.1, -0.2, 14.5, -2.3000000000000003, -1.0, 14.700000000000001, -3.6, -1.6, 16.7, -2.7, -1.6, 19.900000000000002, -1.8, -1.5, 21.700000000000003, -2.6, -1.2000000000000002, 20.6, -5.6000000000000005, -1.2000000000000002, 18.7, -7.9, -0.7000000000000001, 17.1, -8.4, -0.4, 15.9, -8.3, -0.2, 15.200000000000001, -8.700000000000001, -0.2, 14.600000000000001, -9.1, 0.0, 14.200000000000001, -10.100000000000001, -0.30000000000000004, 13.8, -10.600000000000001, -0.30000000000000004, 13.4, -9.9, -0.1, 12.5, -8.8, 0.4, 10.700000000000001, -8.200000000000001, 0.9, 8.6, -8.200000000000001, 0.9, 8.6, -7.9, 1.2000000000000002, 6.9, -8.200000000000001, 1.4000000000000001, 5.5, -8.4, 1.4000000000000001, 5.0, -7.9, 1.6, 5.1000000000000005, -6.800000000000001, 1.9000000000000001, 5.5, -5.800000000000001, 2.1, 5.5, -5.2, 2.1, 5.0, -4.9, 2.2, 4.2, -5.0, 2.2, 3.3000000000000003, -5.0, 2.1, 3.3000000000000003, -4.1000000000000005, 2.2, 4.0, -2.7, 2.2, 4.800000000000001, -1.6, 2.3000000000000003, 4.9, -0.9, 2.3000000000000003, 4.6000000000000005, -0.7000000000000001, 2.4000000000000004, 4.3, -0.5, 2.4000000000000004, 4.4, -0.2, 2.2, 4.6000000000000005, 0.0, 1.9000000000000001, 4.6000000000000005, 0.5, 1.4000000000000001, 4.7, 1.3, 1.1, 5.2, 2.6, 1.0, 5.9, 3.5, 1.1, 6.4, 3.7, 1.0, 6.300000000000001, 3.2, 0.8, 6.1000000000000005, 3.2, 0.8, 6.1000000000000005, 2.6, 0.6000000000000001, 6.2, 2.3000000000000003, 0.2, 7.4, 2.7, -0.1, 9.1, 3.1, 0.1, 11.200000000000001, 2.6, 0.30000000000000004, 13.100000000000001, 1.4000000000000001, 0.1, 13.9, -0.1, -0.4, 13.5, -0.9, -0.7000000000000001, 13.4, 0.0, -0.4, 14.700000000000001, 1.2000000000000002, -0.2, 15.8, 1.6, 0.0, 15.600000000000001, -0.4, 0.0, 14.600000000000001, -3.0, -0.2, 14.0, -4.2, -0.2, 14.9, -4.800000000000001, -0.1, 16.6, -5.300000000000001, 0.1, 17.8, -5.7, 0.2, 17.7, -7.1000000000000005, 0.30000000000000004, 16.400000000000002, -9.0, 0.30000000000000004, 15.200000000000001, -9.9, 0.5, 14.4, -9.9, 0.6000000000000001, 13.700000000000001, -9.4, 0.8, 13.3, -8.6, 1.0, 12.5, -9.0, 0.8, 11.5, -9.0, 0.8, 11.5, -9.4, 0.7000000000000001, 10.3, -8.9, 0.9, 8.9, -8.1, 1.1, 7.5, -7.4, 1.4000000000000001, 6.300000000000001, -7.1000000000000005, 1.7000000000000002, 5.1000000000000005, -7.0, 1.7000000000000002, 4.6000000000000005, -7.2, 1.5, 5.0, -6.7, 1.7000000000000002, 5.9, -5.6000000000000005, 1.7000000000000002, 6.4, -4.800000000000001, 1.8, 6.0, -4.4, 1.9000000000000001, 5.0, -3.8000000000000003, 2.2, 4.0, -3.2, 2.4000000000000004, 3.4000000000000004, -2.8000000000000003, 2.6, 3.2, -2.5, 2.6, 3.7, -2.0, 2.6, 4.3, -1.2000000000000002, 2.7, 4.800000000000001, -0.9, 2.7, 5.2, -0.5, 2.7, 5.300000000000001, 0.2, 2.5, 5.0, 1.1, 2.4000000000000004, 4.6000000000000005, 3.1, 2.7, 4.6000000000000005, 3.1, 2.7, 4.6000000000000005, 3.4000000000000004, 2.6, 4.9, 3.4000000000000004, 2.6, 4.9, 2.9000000000000004, 2.0, 5.2, 2.0, 1.3, 6.0, 0.8, 0.2, 7.800000000000001, 0.6000000000000001, -0.6000000000000001, 9.9, 0.9, -1.1, 11.5, 2.0, -0.9, 11.9, 3.2, -0.30000000000000004, 12.3, 3.3000000000000003, -0.2, 12.200000000000001, 1.7000000000000002, -0.5, 11.100000000000001, 0.30000000000000004, -0.5, 10.3, 0.4, -0.1, 11.200000000000001, 1.2000000000000002, 0.2, 13.4, 1.8, 0.5, 15.200000000000001, 1.6, 0.6000000000000001, 16.3, -0.2, 0.1, 16.6, -2.5, -0.6000000000000001, 16.8, -4.4, -0.9, 17.5, -4.2, -0.6000000000000001, 18.1, -3.7, -0.4, 17.5, -3.9000000000000004, 0.1, 16.1, -5.2, 0.2, 14.5, -7.300000000000001, 0.30000000000000004, 13.4, -8.9, 0.2, 13.3, -8.9, 0.1, 13.4, -8.9, 0.1, 13.4, -8.4, 0.0, 13.3, -8.0, 0.1, 12.600000000000001, -8.3, 0.30000000000000004, 11.3, -8.5, 0.7000000000000001, 9.700000000000001, -9.1, 0.9, 8.200000000000001, -9.0, 1.2000000000000002, 7.2, -8.5, 1.4000000000000001, 6.6000000000000005, -7.7, 1.7000000000000002, 6.300000000000001, -7.1000000000000005, 1.7000000000000002, 5.9, -6.4, 1.7000000000000002, 5.7, -5.9, 1.9000000000000001, 5.4, -5.6000000000000005, 2.1, 4.9, -5.4, 2.3000000000000003, 4.6000000000000005, -5.0, 2.5, 4.6000000000000005, -4.5, 2.5, 4.9, -4.0, 2.4000000000000004, 5.2, -3.5, 2.2, 5.5, -2.5, 2.1, 5.7, -1.4000000000000001, 2.1, 5.4, -0.4, 2.3000000000000003, 5.0, 0.1, 2.4000000000000004, 4.9, 