{"sampling_freq": 62.5, "draw_graphs": true, "axes": ["x", "y", "z"], "implementation_version": 1, "params": {"scale_axes": 1, "filter_type": "low", "filter_cutoff": 3, "filter_order": 6, "fft_length": 128, "spectral_peaks_count": 3, "spectral_peaks_threshold": 0.1, "spectral_power_edges": [0.1, 0.5, 1.0, 2.0, 5.0], "do_log": false, "do_fft_overlap": true}, "features": [-2.2, 0.5, 10.9, -1.7000000000000002, 0.6000000000000001, 10.9, -0.5, 0.8, 10.700000000000001, 0.1, 0.8, 10.700000000000001, 0.0, 0.6000000000000001, 11.600000000000001, -0.30000000000000004, 0.6000000000000001, 13.700000000000001, -0.5, 0.9, 15.600000000000001, -0.4, 1.2000000000000002, 16.900000000000002, -0.30000000000000004, 1.4000000000000001, 17.7, 0.1, 1.4000000000000001, 18.2, 0.4, 1.5, 18.1, 0.1, 1.5, 17.900000000000002, -0.4, 1.6, 17.6, -0.6000000000000001, 1.4000000000000001, 17.1, -0.2, 1.1, 17.0, 0.0, 0.9, 16.3, 0.2, 0.6000000000000001, 14.8, 0.2, 0.5, 13.3, -0.1, 0.4, 12.3, -0.7000000000000001, 0.30000000000000004, 11.4, -0.8, 0.30000000000000004, 10.5, -0.8, 0.30000000000000004, 10.100000000000001, 0.0, 0.4, 10.5, 0.8, 0.2, 10.0, 0.4, 0.2, 8.8, 0.4, 0.2, 8.8, 0.0, 0.30000000000000004, 7.6000000000000005, -0.2, 0.4, 6.2, -0.1, 0.7000000000000001, 5.0, 0.0, 1.0, 3.8000000000000003, 0.1, 1.4000000000000001, 2.7, 0.30000000000000004, 1.7000000000000002, 2.0, 0.4, 2.0, 1.6, 0.2, 2.1, 1.4000000000000001, -0.1, 2.0, 0.8, 0.1, 2.2, 0.4, 0.4, 2.4000000000000004, 0.4, 0.5, 2.5, 0.8, 0.4, 2.6, 1.9000000000000001, 0.6000000000000001, 2.3000000000000003, 3.5, 0.30000000000000004, 1.9000000000000001, 5.6000000000000005, -0.1, 1.5, 7.300000000000001, -1.3, 0.9, 8.5, -1.3, 0.6000000000000001, 9.700000000000001, 0.2, 0.7000000000000001, 10.8, 0.7000000000000001, 0.7000000000000001, 11.0, 1.0, 0.8, 10.700000000000001, 0.5, 1.0, 10.8, -0.4, 1.2000000000000002, 11.9, -0.7000000000000001, 1.2000000000000002, 13.100000000000001, -0.7000000000000001, 1.2000000000000002, 13.100000000000001, 0.0, 1.1, 14.100000000000001, 0.2, 1.1, 14.600000000000001, 0.7000000000000001, 1.4000000000000001, 15.100000000000001, 0.8, 1.7000000000000002, 15.4, 0.7000000000000001, 1.8, 16.3, 0.4, 1.8, 17.6, 0.1, 1.8, 18.400000000000002, -0.2, 1.6, 18.6, 0.0, 1.2000000000000002, 18.5, 0.30000000000000004, 0.9, 17.400000000000002, 0.30000000000000004, 0.6000000000000001, 15.9, 0.30000000000000004, 0.4, 14.9, 0.5, 0.4, 14.3, 0.6000000000000001, 0.30000000000000004, 13.4, 0.30000000000000004, 0.30000000000000004, 11.8, -0.30000000000000004, 0.5, 9.8, -0.5, 0.6000000000000001, 8.4, -0.1, 1.0, 7.7, -0.30000000000000004, 1.0, 7.300000000000001, -0.1, 1.0, 7.4, 0.4, 0.9, 7.5, 0.5, 0.8, 7.2, 0.4, 0.7000000000000001, 6.2, 0.5, 0.8, 5.4, 0.5, 0.8, 5.4, 0.5, 0.9, 4.7, 0.30000000000000004, 1.0, 3.8000000000000003, 0.0, 1.1, 3.2, -0.1, 1.2000000000000002, 2.7, 0.4, 1.3, 2.6, 1.3, 1.5, 3.0, 1.2000000000000002, 1.7000000000000002, 2.7, 0.5, 1.9000000000000001, 1.8, -0.5, 1.9000000000000001, 1.7000000000000002, -0.5, 1.9000000000000001, 3.4000000000000004, 0.1, 1.6, 5.800000000000001, 0.6000000000000001, 1.2000000000000002, 8.3, 0.9, 0.9, 9.600000000000001, 0.6000000000000001, 0.6000000000000001, 8.4, 0.0, 0.7000000000000001, 7.1000000000000005, -0.6000000000000001, 0.9, 7.7, -0.1, 1.0, 9.5, 0.5, 1.3, 10.9, 0.0, 1.5, 12.4, -0.9, 1.5, 14.0, -1.1, 1.5, 14.8, -0.30000000000000004, 1.8, 15.200000000000001, 0.6000000000000001, 2.1, 15.3, 1.3, 2.3000000000000003, 15.5, 1.3, 2.3000000000000003, 15.5, 1.1, 2.5, 15.9, 0.5, 2.7, 16.8, -0.2, 2.7, 18.2, -0.7000000000000001, 2.4000000000000004, 19.8, -0.4, 1.8, 20.5, 0.30000000000000004, 1.2000000000000002, 19.6, 0.9, 0.8, 16.8, 0.7000000000000001, 0.7000000000000001, 14.3, 0.8, 0.7000000000000001, 12.8, 0.7000000000000001, 0.8, 11.9, 0.1, 0.7000000000000001, 11.5, -0.1, 0.7000000000000001, 11.100000000000001, -0.1, 0.7000000000000001, 10.100000000000001, -0.30000000000000004, 0.8, 8.700000000000001, -0.1, 1.0, 7.300000000000001, 0.1, 1.1, 6.6000000000000005, 0.1, 1.0, 6.300000000000001, 0.1, 1.0, 5.7, 0.30000000000000004, 1.0, 4.7, 0.30000000000000004, 1.0, 3.8000000000000003, 0.5, 1.1, 3.5, 1.2000000000000002, 1.1, 3.9000000000000004, 1.3, 1.2000000000000002, 3.7, 1.0, 1.3, 3.1, 1.0, 1.3, 3.1, 0.4, 1.5, 1.6, -0.2, 1.6, 0.6000000000000001, -0.1, 1.7000000000000002, 1.0, 0.4, 1.8, 2.8000000000000003, 1.1, 2.0, 4.5, 1.2000000000000002, 2.2, 5.300000000000001, 0.4, 2.5, 5.5, -0.7000000000000001, 2.5, 5.5, -1.5, 2.3000000000000003, 5.4, -1.3, 1.8, 6.1000000000000005, -0.5, 1.3, 8.5, 0.4, 1.0, 12.0, 0.6000000000000001, 1.1, 14.600000000000001, 0.30000000000000004, 1.4000000000000001, 15.200000000000001, -0.30000000000000004, 1.5, 13.5, -0.6000000000000001, 1.5, 11.5, -0.2, 1.8, 10.9, -0.30000000000000004, 1.8, 12.0, 0.1, 1.8, 14.700000000000001, 0.30000000000000004, 1.8, 17.1, 0.0, 1.9000000000000001, 17.900000000000002, -0.4, 2.0, 17.400000000000002, -0.8, 2.0, 17.3, -0.6000000000000001, 1.8, 17.8, -0.6000000000000001, 1.8, 17.8, 0.4, 1.3, 18.1, 0.6000000000000001, 1.0, 17.400000000000002, 0.0, 0.8, 16.0, -0.5, 0.8, 14.8, -0.30000000000000004, 0.7000000000000001, 13.8, -0.1, 0.6000000000000001, 12.700000000000001, -0.2, 0.6000000000000001, 11.200000000000001, -0.30000000000000004, 0.6000000000000001, 9.9, 0.0, 0.7000000000000001, 9.200000000000001, 0.1, 0.7000000000000001, 9.0, 0.2, 0.7000000000000001, 8.8, 0.5, 0.7000000000000001, 8.1, 0.5, 0.7000000000000001, 6.9, 0.4, 0.9, 5.6000000000000005, 0.5, 1.1, 4.4, 0.4, 1.3, 3.6, 0.6000000000000001, 1.5, 3.5, 0.5, 1.5, 3.7, 0.4, 1.4000000000000001, 4.0, 0.8, 1.3, 3.8000000000000003, 1.2000000000000002, 1.4000000000000001, 3.0, 1.0, 1.6, 2.0, 0.6000000000000001, 1.8, 1.3, 0.5, 1.8, 1.7000000000000002, 0.5, 1.8, 1.7000000000000002, 0.2, 1.9000000000000001, 3.1, -0.6000000000000001, 1.9000000000000001, 4.6000000000000005, -0.8, 1.6, 6.6000000000000005, -0.9, 1.4000000000000001, 8.4, -0.9, 1.4000000000000001, 9.1, -1.1, 1.3, 8.1, -1.5, 1.3, 7.5, -1.4000000000000001, 1.2000000000000002, 8.8, -0.8, 1.2000000000000002, 11.4, -0.2, 1.4000000000000001, 13.200000000000001, 0.1, 2.0, 13.3, 0.30000000000000004, 2.2, 12.600000000000001, 0.30000000000000004, 2.4000000000000004, 13.200000000000001, 0.2, 2.5, 14.600000000000001, 0.9, 2.7, 15.9, 1.7000000000000002, 2.5, 16.900000000000002, 0.7000000000000001, 2.3000000000000003, 18.400000000000002, -0.2, 2.1, 19.400000000000002, -0.9, 1.8, 18.1, -0.5, 1.6, 17.1, -0.1, 1.6, 17.0, 0.5, 1.4000000000000001, 15.9, 1.0, 1.1, 14.5, 0.7000000000000001, 0.9, 13.0, 0.7000000000000001, 0.9, 13.0, 0.30000000000000004, 0.8, 11.8, 0.1, 0.6000000000000001, 11.100000000000001, -0.30000000000000004, 0.5, 10.5, -0.1, 0.5, 10.0, 0.2, 0.5, 9.200000000000001, 0.4, 0.6000000000000001, 8.0, 0.9, 0.7000000000000001, 6.800000000000001, 1.0, 0.8, 6.1000000000000005, 0.5, 0.9, 5.9, 0.0, 0.8, 6.2, -0.1, 0.8, 6.4, 0.5, 0.8, 5.6000000000000005, 1.2000000000000002, 0.8, 4.4, 1.2000000000000002, 0.8, 4.4, 1.5, 1.0, 3.0, 0.9, 1.1, 2.3000000000000003, 0.2, 1.2000000000000002, 2.1, -0.2, 1.4000000000000001, 2.3000000000000003, 0.30000000000000004, 1.4000000000000001, 2.7, 0.9, 1.4000000000000001, 3.5, 0.8, 1.6, 3.9000000000000004, 0.1, 1.5, 4.2, -1.2000000000000002, 1.3, 4.7, -1.4000000000000001, 0.9, 6.800000000000001, -0.30000000000000004, 0.8, 9.4, -0.30000000000000004, 0.8, 9.4, 0.4, 0.7000000000000001, 11.100000000000001, 0.6000000000000001, 0.6000000000000001, 11.5, -0.4, 0.5, 12.100000000000001, -1.3, 0.5, 12.8, -1.0, 0.9, 13.700000000000001, -0.4, 1.2000000000000002, 14.600000000000001, -0.1, 1.6, 15.200000000000001, 0.0, 1.8, 15.700000000000001, 0.1, 1.9000000000000001, 16.400000000000002, 0.0, 2.1, 17.3, -0.8, 1.9000000000000001, 17.7, -1.1, 1.5, 18.8, -1.0, 1.0, 19.8, -0.2, 0.7000000000000001, 19.400000000000002, 0.4, 0.4, 17.400000000000002, 0.2, 0.2, 15.4, 0.2, 0.2, 13.9, 0.5, 0.2, 12.8, 0.5, 0.30000000000000004, 11.700000000000001, 0.30000000000000004, 0.4, 10.600000000000001, -0.1, 0.4, 9.5, -0.5, 0.5, 8.4, -0.2, 0.6000000000000001, 7.5,