{"sampling_freq": 62.5, "draw_graphs": true, "axes": ["x", "y", "z"], "implementation_version": 1, "params": {"scale_axes": 1, "filter_type": "low", "filter_cutoff": 3, "filter_order": 6, "fft_length": 128, "spectral_peaks_count": 3, "spectral_peaks_threshold": 0.1, "spectral_power_edges": [0.1, 0.5, 1.0, 2.0, 5.0], "do_log": false, "do_fft_overlap": true}, "features": [-1.3, 2.5, 15.4, -1.3, 2.5, 15.4, -1.1, 2.7, 18.0, -0.6000000000000001, 2.5, 18.1, -0.6000000000000001, 2.5, 18.1, -0.6000000000000001, 2.5, 18.1, 0.1, 1.6, 18.6, 0.1, 1.2000000000000002, 18.6, 0.1, 1.2000000000000002, 18.6, -0.30000000000000004, 0.9, 15.8, -0.7000000000000001, 0.7000000000000001, 13.200000000000001, -0.7000000000000001, 0.7000000000000001, 13.200000000000001, -0.30000000000000004, 0.9, 10.200000000000001, -0.2, 0.7000000000000001, 10.100000000000001, -0.2, 0.7000000000000001, 10.100000000000001, 0.30000000000000004, 0.4, 9.200000000000001, 0.7000000000000001, 0.5, 7.5, 0.7000000000000001, 0.5, 7.5, 0.8, 1.0, 4.1000000000000005, 0.8, 1.0, 4.1000000000000005, 0.1, 1.2000000000000002, 3.1, -0.6000000000000001, 1.1, 3.6, -0.6000000000000001, 1.1, 3.6, -0.8, 1.1, 3.8000000000000003, -2.0, 1.1, 1.8, -2.0, 1.1, 1.8, -1.8, 1.0, 0.9, 0.0, 0.8, 3.5, 0.0, 0.8, 3.5, 1.0, 1.1, 4.1000000000000005, 1.0, 1.1, 4.1000000000000005, 0.0, 1.5, 2.9000000000000004, -0.4, 1.5, 4.4, -0.4, 1.5, 4.4, 0.4, 1.3, 8.0, 0.4, 1.3, 8.0, 0.0, 1.0, 9.600000000000001, -0.4, 0.9, 13.600000000000001, -0.6000000000000001, 0.9, 14.700000000000001, -0.6000000000000001, 0.9, 14.700000000000001, 0.9, 1.4000000000000001, 14.3, 0.9, 1.4000000000000001, 14.3, 1.4000000000000001, 1.6, 14.8, -0.2, 1.4000000000000001, 17.7, -0.2, 1.4000000000000001, 17.7, -0.2, 1.4000000000000001, 19.5, 0.9, 1.0, 20.400000000000002, 0.9, 1.0, 20.400000000000002, 0.6000000000000001, 0.6000000000000001, 19.1, -0.6000000000000001, 0.5, 16.5, -0.6000000000000001, 0.5, 16.5, -0.5, 0.4, 15.4, 0.1, 0.2, 12.4, 0.1, 0.2, 12.4, 0.1, 0.30000000000000004, 10.700000000000001, 0.1, 0.30000000000000004, 10.700000000000001, -0.1, 0.5, 8.200000000000001, -0.1, 0.5, 8.200000000000001, -0.2, 0.6000000000000001, 7.300000000000001, 0.0, 0.9, 5.1000000000000005, 0.0, 0.9, 5.1000000000000005, 0.30000000000000004, 1.1, 4.3, 0.4, 1.4000000000000001, 3.0, 0.4, 1.4000000000000001, 3.0, 0.0, 1.5, 2.5, -0.8, 1.8, 1.3, -0.8, 1.8, 1.3, -0.6000000000000001, 1.8, 0.7000000000000001, 0.30000000000000004, 1.9000000000000001, 1.7000000000000002, 0.30000000000000004, 1.9000000000000001, 1.7000000000000002, 1.0, 2.0, 2.0, -0.7000000000000001, 2.1, 2.5, -0.7000000000000001, 2.1, 2.5, -1.3, 1.9000000000000001, 3.9000000000000004, 0.1, 1.2000000000000002, 8.1, 0.1, 1.2000000000000002, 8.1, 0.7000000000000001, 1.0, 9.3, -0.5, 0.8, 10.5, -0.5, 0.8, 10.5, -1.0, 0.9, 12.600000000000001, -1.0, 0.9, 12.600000000000001, 0.6000000000000001, 1.2000000000000002, 13.200000000000001, 0.6000000000000001, 1.2000000000000002, 13.200000000000001, 1.1, 1.1, 13.600000000000001, 2.6, 1.4000000000000001, 16.8, 2.6, 1.4000000000000001, 16.8, 0.30000000000000004, 1.3, 18.1, -1.7000000000000002, 1.2000000000000002, 18.6, -1.7000000000000002, 1.2000000000000002, 18.6, -0.6000000000000001, 1.2000000000000002, 19.3, 1.2000000000000002, 1.1, 19.0, 1.2000000000000002, 1.1, 19.0, 0.6000000000000001, 0.7000000000000001, 16.900000000000002, -0.1, 0.6000000000000001, 14.100000000000001, -0.1, 0.6000000000000001, 14.100000000000001, 0.2, 0.6000000000000001, 13.100000000000001, -0.2, 0.7000000000000001, 10.3, -0.2, 0.7000000000000001, 10.3, -0.1, 0.6000000000000001, 9.8, 0.30000000000000004, 0.5, 8.5, 0.30000000000000004, 0.5, 8.5, 0.5, 0.4, 7.4, 0.7000000000000001, 0.5, 5.5, 0.7000000000000001, 0.5, 5.5, 0.6000000000000001, 0.5, 4.800000000000001, 0.6000000000000001, 0.5, 4.800000000000001, 0.5, 0.8, 3.6, 0.5, 0.8, 3.6, 0.5, 0.9, 3.1, 0.4, 1.3, 2.5, 0.4, 1.3, 2.5, 0.5, 1.6, 1.5, 0.9, 1.9000000000000001, 1.6, 0.9, 1.9000000000000001, 1.6, 0.6000000000000001, 1.9000000000000001, 2.5, 0.6000000000000001, 1.7000000000000002, 3.7, 0.6000000000000001, 1.7000000000000002, 3.7, 0.4, 1.4000000000000001, 6.0, -0.6000000000000001, 1.3, 6.800000000000001, -0.6000000000000001, 1.3, 6.800000000000001, -0.7000000000000001, 0.9, 8.700000000000001, -0.7000000000000001, 0.9, 8.700000000000001, 0.1, 0.8, 9.9, -0.2, 0.5, 13.3, -0.6000000000000001, 0.7000000000000001, 15.200000000000001, -0.6000000000000001, 0.7000000000000001, 15.200000000000001, 0.1, 1.2000000000000002, 16.2, 0.1, 1.2000000000000002, 16.2, 0.4, 1.4000000000000001, 15.9, 0.8, 1.3, 18.900000000000002, 0.8, 1.3, 18.900000000000002, 0.2, 1.1, 20.400000000000002, 0.2, 1.1, 20.400000000000002, -0.30000000000000004, 0.7000000000000001, 21.0, 0.4, 0.4, 19.900000000000002, 0.4, 0.4, 19.900000000000002, 0.0, -0.2, 16.0, 0.0, -0.2, 16.0, 0.1, -0.2, 13.9, 0.5, 0.0, 10.5, 0.5, 0.0, 10.5, 0.4, 0.1, 9.9, 0.30000000000000004, 0.1, 9.1, 0.5, 0.1, 8.6, 0.5, 0.1, 8.6, 0.9, 0.2, 6.7, 0.9, 0.2, 6.7, 0.8, 0.4, 5.5, 0.4, 0.8, 3.3000000000000003, 0.4, 0.8, 3.3000000000000003, 0.5, 1.0, 3.2, 0.0, 1.2000000000000002, 1.8, 0.0, 1.2000000000000002, 1.8, 0.6000000000000001, 1.3, 0.6000000000000001, 0.9, 1.6, 0.5, 0.9, 1.6, 0.5, 0.9, 1.6, 0.5, 0.7000000000000001, 1.8, 1.8, 0.1, 2.2, 3.3000000000000003, 0.1, 2.2, 3.3000000000000003, -0.5, 2.3000000000000003, 3.3000000000000003, -0.6000000000000001, 1.9000000000000001, 5.6000000000000005, -0.6000000000000001, 1.9000000000000001, 5.6000000000000005, -0.7000000000000001, 1.4000000000000001, 7.5, -0.30000000000000004, 0.9, 9.4, -0.30000000000000004, 0.9, 9.4, 0.5, 0.9, 10.100000000000001, -0.4, 1.2000000000000002, 12.8, -0.4, 1.2000000000000002, 12.8, -0.30000000000000004, 1.3, 13.5, -0.4, 1.3, 14.0, -0.4, 1.3, 14.0, 0.4, 1.4000000000000001, 15.700000000000001, 1.2000000000000002, 1.6, 17.7, 1.2000000000000002, 1.6, 17.7, 0.8, 1.6, 18.400000000000002, -0.6000000000000001, 1.1, 20.900000000000002, -0.6000000000000001, 1.1, 20.900000000000002, -0.8, 0.9, 20.8, -0.4, 0.6000000000000001, 17.900000000000002, -0.4, 0.6000000000000001, 17.900000000000002, -0.30000000000000004, 0.30000000000000004, 16.6, -0.30000000000000004, 0.30000000000000004, 16.6, -0.2, 0.1, 12.8, -0.2, 0.1, 12.8, -0.5, 0.1, 10.9, 0.1, 0.30000000000000004, 9.5, 0.1, 0.30000000000000004, 9.5, 0.5, 0.2, 8.9, 0.30000000000000004, 0.30000000000000004, 7.0, 0.30000000000000004, 0.30000000000000004, 7.0, 0.5, 0.5, 6.1000000000000005, 0.9, 0.8, 4.5, 0.9, 0.8, 4.5, 0.8, 0.9, 4.1000000000000005, 0.4, 1.1, 2.4000000000000004, 0.4, 1.1, 2.4000000000000004, -0.1, 1.1, 1.3, 1.0, 1.5, 0.6000000000000001, 1.0, 1.5, 0.6000000000000001, 1.2000000000000002, 1.7000000000000002, 1.1, 0.1, 2.2, 1.8, 0.1, 2.2, 1.8, -0.4, 2.3000000000000003, 2.4000000000000004, -0.9, 2.1, 4.1000000000000005, -0.9, 2.1, 4.1000000000000005, -0.9, 2.1, 4.1000000000000005, -1.1, 1.7000000000000002, 6.1000000000000005, 0.7000000000000001, 1.3, 8.0, 0.7000000000000001, 1.3, 8.0, 0.0, 1.2000000000000002, 8.3, -1.3, 0.8, 11.3, -1.3, 0.8, 11.3, -0.8, 0.9, 13.200000000000001, 0.4, 1.1, 14.5, 0.4, 1.1, 14.5, 0.5, 0.9, 15.600000000000001, 0.0, 0.7000000000000001, 18.1, 0.0, 0.7000000000000001, 18.1, 1.2000000000000002, 1.0, 18.2, 0.2, 1.3, 18.2, 0.2, 1.3, 18.2, -0.6000000000000001, 1.2000000000000002, 18.8, -0.6000000000000001, 0.7000000000000001, 19.3, -0.6000000000000001, 0.7000000000000001, 19.3, 0.1, 0.4, 18.400000000000002, 0.30000000000000004, 0.0, 17.0, 0.30000000000000004, -0.2, 15.0, 0.4, -0.1, 10.8, 0.4, 0.0, 10.100000000000001, 0.4, 0.0, 10.100000000000001, 0.4, 0.0, 10.100000000000001, -0.1, 0.1, 9.1, -0.1, 0.1, 9.1, 0.4, 0.1, 8.6, 0.8, 0.30000000000000004, 6.6000000000000005, 0.8, 0.30000000000000004, 6.6000000000000005, 0.6000000000000001, 0.4, 5.2, 0.5, 0.8, 3.8000000000000003, 0.8, 1.0, 3.1, 0.8, 1.0, 3.1, 0.4, 1.2000000000000002, 2.4000000000000004, 0.5, 1.3, 2.4000000000000004, 0.5, 1.3, 2.4000000000000004, 0.8, 1.7000000000000002, 1.6, 0.4, 1.7000000000000002, 0.8, 0.4, 1.7000000000000002, 0.8, 