{"sampling_freq": 62.5, "draw_graphs": true, "axes": ["x", "y", "z"], "implementation_version": 1, "params": {"scale_axes": 1, "filter_type": "low", "filter_cutoff": 3, "filter_order": 6, "fft_length": 128, "spectral_peaks_count": 3, "spectral_peaks_threshold": 0.1, "spectral_power_edges": [0.1, 0.5, 1.0, 2.0, 5.0], "do_log": false, "do_fft_overlap": true}, "features": [-0.30000000000000004, 0.6000000000000001, 6.300000000000001, -0.30000000000000004, 0.6000000000000001, 6.300000000000001, -0.1, 0.6000000000000001, 7.5, 0.30000000000000004, 0.8, 12.0, 0.30000000000000004, 0.8, 12.0, 0.0, 0.7000000000000001, 13.9, 0.8, 1.0, 15.3, 0.8, 1.0, 15.3, 0.7000000000000001, 1.2000000000000002, 15.0, 1.1, 1.4000000000000001, 15.9, 1.1, 1.4000000000000001, 15.9, 0.5, 1.3, 17.3, -0.2, 0.9, 18.5, -0.2, 0.9, 18.5, -0.1, 0.6000000000000001, 18.1, 0.1, 0.5, 17.5, 0.8, 0.2, 16.3, 1.0, -0.1, 15.200000000000001, 0.5, -0.2, 13.8, -0.5, -0.30000000000000004, 12.5, -0.5, -0.2, 12.0, -0.4, -0.2, 11.3, -0.1, -0.2, 10.4, 0.1, -0.2, 9.5, 0.4, -0.30000000000000004, 8.8, 0.4, -0.30000000000000004, 8.8, 0.4, -0.4, 8.200000000000001, 0.2, -0.4, 7.4, 0.0, -0.30000000000000004, 6.2, -0.1, -0.1, 5.1000000000000005, 0.0, 0.2, 4.4, 0.4, 0.5, 3.9000000000000004, 0.8, 0.6000000000000001, 3.4000000000000004, 0.7000000000000001, 0.7000000000000001, 2.8000000000000003, 0.30000000000000004, 0.9, 2.2, -0.1, 1.1, 1.5, -0.1, 1.1, 1.6, 0.8, 1.3, 3.4000000000000004, 0.8, 1.3, 3.4000000000000004, 0.9, 1.4000000000000001, 4.7, 1.1, 1.5, 5.800000000000001, 0.6000000000000001, 1.3, 5.5, -0.30000000000000004, 1.1, 5.300000000000001, -1.1, 0.8, 8.700000000000001, -1.1, 0.8, 8.700000000000001, 0.2, 0.6000000000000001, 10.8, 1.2000000000000002, 0.5, 12.100000000000001, 0.6000000000000001, 0.7000000000000001, 13.3, -0.6000000000000001, 0.9, 13.9, -1.2000000000000002, 0.9, 14.3, -0.4, 0.9, 14.8, -0.4, 0.9, 14.8, 0.8, 1.1, 14.8, 1.4000000000000001, 1.3, 15.200000000000001, 1.2000000000000002, 1.2000000000000002, 15.200000000000001, 0.6000000000000001, 1.5, 15.4, -0.4, 1.5, 15.5, -0.8, 1.5, 16.2, 1.0, 1.1, 17.2, 1.0, 1.1, 17.2, 0.6000000000000001, 0.8, 16.2, -0.4, 0.5, 14.8, -0.4, 0.5, 14.8, -0.30000000000000004, 0.30000000000000004, 14.100000000000001, -0.1, 0.30000000000000004, 12.100000000000001, -0.1, 0.30000000000000004, 12.100000000000001, -0.2, 0.30000000000000004, 11.0, -0.4, 0.1, 9.4, -0.4, 0.1, 9.4, 0.30000000000000004, -0.1, 8.9, 0.7000000000000001, 0.1, 6.9, 0.7000000000000001, 0.1, 6.9, 0.8, 0.30000000000000004, 5.800000000000001, 0.7000000000000001, 0.5, 4.9, 0.5, 0.8, 4.2, 0.5, 0.8, 3.4000000000000004, 0.5, 0.8, 3.4000000000000004, 0.5, 0.8, 2.2, 0.5, 0.8, 2.2, 1.1, 1.0, 1.5, 1.5, 1.5, 1.7000000000000002, 1.5, 1.5, 1.7000000000000002, 0.8, 1.5, 2.1, -0.5, 1.4000000000000001, 3.0, -0.5, 1.4000000000000001, 3.0, -0.5, 1.2000000000000002, 3.8000000000000003, 0.4, 0.6000000000000001, 7.1000000000000005, 0.4, 0.6000000000000001, 7.1000000000000005, -0.4, 0.30000000000000004, 8.5, -1.0, 0.0, 10.5, -1.0, 0.0, 10.5, -0.6000000000000001, -0.2, 11.700000000000001, 0.4, -0.2, 13.9, 0.4, -0.2, 13.9, 0.30000000000000004, 0.0, 14.3, 0.2, 0.30000000000000004, 15.8, 0.2, 0.30000000000000004, 15.8, 0.0, 0.30000000000000004, 17.1, 0.1, 0.4, 19.5, 0.1, 0.4, 19.5, 0.0, 0.4, 18.8, 0.0, 0.4, 18.8, -0.6000000000000001, 0.5, 16.3, -0.6000000000000001, 0.5, 16.3, 0.0, 0.30000000000000004, 16.3, 0.2, 0.1, 16.0, 0.30000000000000004, -0.7000000000000001, 14.5, 0.6000000000000001, -0.8, 13.600000000000001, 0.6000000000000001, -0.8, 13.600000000000001, 0.7000000000000001, -0.7000000000000001, 12.0, 0.5, -0.5, 10.5, 0.5, -0.2, 9.600000000000001, 0.5, -0.1, 8.9, 0.4, -0.1, 8.5, 0.7000000000000001, 0.0, 7.9, 0.7000000000000001, 0.0, 7.9, 1.1, 0.1, 7.4, 1.0, 0.1, 6.2, 1.2000000000000002, 0.30000000000000004, 4.9, 1.3, 0.5, 4.1000000000000005, 0.5, 0.7000000000000001, 3.4000000000000004, 0.5, 0.7000000000000001, 3.4000000000000004, 0.4, 0.6000000000000001, 3.2, 0.8, 0.6000000000000001, 2.5, 1.5, 0.7000000000000001, 1.8, 1.7000000000000002, 1.0, 1.2000000000000002, 1.7000000000000002, 1.0, 1.2000000000000002, 1.1, 1.7000000000000002, 1.7000000000000002, 1.1, 1.7000000000000002, 1.7000000000000002, 0.0, 1.7000000000000002, 3.1, -0.4, 1.3, 5.300000000000001, 0.0, 0.9, 6.7, 0.6000000000000001, 0.5, 7.300000000000001, 1.3, 0.4, 8.0, 0.7000000000000001, 0.6000000000000001, 8.700000000000001, -0.2, 0.6000000000000001, 9.200000000000001, -1.2000000000000002, 0.4, 12.0, -1.2000000000000002, 0.4, 12.0, -0.7000000000000001, 0.4, 13.9, 0.0, 0.6000000000000001, 15.0, 0.7000000000000001, 0.8, 14.9, 0.30000000000000004, 0.9, 14.600000000000001, 0.1, 1.0, 15.100000000000001, 0.4, 1.1, 16.0, -0.1, 1.1, 17.0, -1.2000000000000002, 1.0, 17.5, -1.4000000000000001, 0.9, 18.400000000000002, -0.9, 0.6000000000000001, 19.5, -0.4, 0.1, 19.200000000000003, 0.0, -0.30000000000000004, 17.2, -0.2, -0.4, 15.0, -0.2, -0.4, 15.0, 0.1, -0.4, 13.600000000000001, 0.6000000000000001, -0.30000000000000004, 12.600000000000001, 0.7000000000000001, -0.1, 11.5, 0.4, 0.0, 10.4, 0.2, 0.1, 9.600000000000001, 0.30000000000000004, 0.1, 9.1, 0.7000000000000001, 0.1, 8.9, 1.2000000000000002, 0.0, 8.8, 1.4000000000000001, -0.1, 8.6, 1.4000000000000001, -0.1, 7.9, 1.4000000000000001, 0.0, 6.800000000000001, 1.3, 0.2, 5.800000000000001, 1.3, 0.5, 5.1000000000000005, 1.3, 0.6000000000000001, 4.7, 1.2000000000000002, 0.7000000000000001, 4.4, 1.2000000000000002, 0.8, 2.9000000000000004, 1.2000000000000002, 0.8, 2.9000000000000004, 1.6, 0.9, 2.3000000000000003, 1.5, 1.1, 2.9000000000000004, 1.5, 1.1, 2.9000000000000004, 1.0, 1.2000000000000002, 3.7, 0.8, 1.4000000000000001, 4.3, 1.1, 1.4000000000000001, 5.0, 0.2, 1.1, 5.300000000000001, 0.2, 1.1, 5.300000000000001, 0.0, 0.9, 5.5, 0.0, 0.9, 5.5, 1.2000000000000002, 0.4, 8.5, 1.2000000000000002, 0.4, 8.5, 0.6000000000000001, 0.4, 10.4, -1.0, 0.6000000000000001, 13.0, -1.0, 0.6000000000000001, 13.0, -0.8, 0.30000000000000004, 13.200000000000001, 0.5, 0.5, 13.0, 0.5, 0.5, 13.0, 0.4, 0.7000000000000001, 14.200000000000001, -0.30000000000000004, 0.9, 16.1, -0.30000000000000004, 0.9, 16.1, -0.6000000000000001, 1.0, 16.2, -0.4, 1.0, 17.1, -0.4, 1.0, 17.1, -0.4, 1.0, 17.5, -0.6000000000000001, 0.4, 17.1, -0.6000000000000001, 0.4, 17.1, -0.1, 0.1, 16.8, 0.0, -0.30000000000000004, 14.5, 0.0, -0.30000000000000004, 14.5, 0.4, -0.30000000000000004, 13.0, 0.5, -0.2, 10.4, 0.5, -0.2, 10.4, 0.5, -0.2, 10.4, 0.5, -0.1, 9.9, 0.2, 0.1, 8.4, 0.2, 0.1, 8.4, 0.6000000000000001, 0.2, 7.9, 1.3, 0.1, 7.4, 1.3, 0.1, 7.4, 1.3, 0.1, 6.4, 1.3, 0.30000000000000004, 4.3, 1.3, 0.30000000000000004, 4.3, 1.1, 0.5, 3.3000000000000003, 1.2000000000000002, 0.8, 2.1, 1.2000000000000002, 0.8, 2.1, 1.1, 1.0, 1.6, 1.0, 1.2000000000000002, 1.8, 1.0, 1.6, 2.7, 1.0, 1.6, 2.7, 0.6000000000000001, 1.5, 4.0, 0.6000000000000001, 1.5, 4.0, 0.5, 1.2000000000000002, 4.9, -0.1, 0.1, 7.1000000000000005, -0.1, 0.1, 7.1000000000000005, 0.1, 0.1, 7.5, 1.2000000000000002, 0.2, 8.6, 1.2000000000000002, 0.2, 8.6, 1.2000000000000002, 0.2, 8.6, 0.5, 0.2, 10.700000000000001, -0.30000000000000004, 0.0, 13.0, -0.6000000000000001, -0.1, 14.5, -0.30000000000000004, -0.1, 15.200000000000001, 0.6000000000000001, 0.0, 15.3, 1.3, 0.2, 14.8, 0.5, 0.30000000000000004, 14.700000000000001, 0.1, 0.5, 15.600000000000001, -0.1, 0.8, 16.8, -0.2, 0.7000000000000001, 18.1, 0.30000000000000004, 0.30000000000000004, 19.1, 0.30000000000000004, 0.30000000000000004, 19.1, 0.5, 0.0, 18.1, 0.5, -0.30000000000000004, 16.8, 0.6000000000000001, -0.4, 15.600000000000001, 0.6000000000000001, -0.5, 14.600000000000001, 0.2, -0.5, 12.5, 0.2, -0.5, 12.5, 0.2, -0.4, 11.4, 0.6000000000000001, -0.30000000000000004, 10.600000000000001, 1.1, -0.2, 9.700000000000001, 1.1, -0.1, 8.9, 0.7000000000000001, -0.1, 8.200000000000001, 0.7000000000000001, -0.1, 8.200000000000001, 0.5, 0.1, 7.6000000000000005, 0.9, 0.2, 7.1000000000000005, 1.3, 0.30000000000000004, 6.4, 1.4000000000000001, 0.30000000000000004, 5.6000000000000005, 1.3, 0.4, 