{"sampling_freq": 62.5, "draw_graphs": true, "axes": ["x", "y", "z"], "implementation_version": 1, "params": {"scale_axes": 1, "filter_type": "low", "filter_cutoff": 3, "filter_order": 6, "fft_length": 128, "spectral_peaks_count": 3, "spectral_peaks_threshold": 0.1, "spectral_power_edges": [0.1, 0.5, 1.0, 2.0, 5.0], "do_log": false, "do_fft_overlap": true}, "features": [-0.2, 2.1, 0.8, 0.30000000000000004, 2.0, 1.0, -0.1, 1.8, 0.8, -0.30000000000000004, 1.4000000000000001, 0.9, 0.6000000000000001, 1.4000000000000001, 1.2000000000000002, 0.6000000000000001, 1.4000000000000001, 1.2000000000000002, 1.4000000000000001, 1.2000000000000002, 1.6, 0.9, 0.8, 2.7, 0.2, 0.5, 5.2, 0.0, 0.30000000000000004, 8.1, -0.1, 0.2, 9.600000000000001, -0.5, -0.2, 9.9, 0.1, -0.4, 10.9, 1.2000000000000002, -0.7000000000000001, 12.8, 2.2, -0.5, 14.5, 1.8, -0.1, 15.0, 0.4, 0.2, 14.4, -0.5, 0.30000000000000004, 14.100000000000001, 0.4, 0.8, 14.8, 1.3, 1.0, 15.9, 1.8, 1.3, 17.3, 1.4000000000000001, 1.8, 18.2, 0.1, 1.5, 18.6, -0.6000000000000001, 1.2000000000000002, 19.700000000000003, -0.5, 0.9, 19.8, 0.2, 0.5, 18.6, 0.4, -0.1, 16.7, 0.2, -0.4, 15.100000000000001, 0.2, -0.7000000000000001, 14.5, 0.5, -0.8, 13.8, 0.5, -0.8, 13.8, 0.0, -1.0, 12.4, -0.1, -0.9, 10.700000000000001, 0.4, -0.5, 8.700000000000001, 0.4, -0.2, 6.6000000000000005, -0.2, 0.1, 4.800000000000001, -0.5, 0.2, 4.1000000000000005, 0.30000000000000004, 0.4, 4.5, 1.0, 0.6000000000000001, 4.4, 0.9, 0.9, 3.5, 0.5, 1.2000000000000002, 2.1, 0.0, 1.4000000000000001, 0.6000000000000001, -0.30000000000000004, 1.7000000000000002, -0.7000000000000001, -0.30000000000000004, 1.7000000000000002, -1.4000000000000001, -0.30000000000000004, 1.6, -0.8, 0.4, 1.7000000000000002, 1.0, 0.7000000000000001, 1.7000000000000002, 2.2, 0.0, 1.4000000000000001, 2.9000000000000004, -1.0, 1.0, 3.9000000000000004, -1.1, 0.30000000000000004, 5.300000000000001, -0.7000000000000001, -0.2, 7.7, 1.1, -0.2, 10.700000000000001, 2.0, -0.1, 12.3, 0.6000000000000001, -0.4, 12.200000000000001, -1.1, -0.6000000000000001, 11.9, -1.1, -0.6000000000000001, 11.9, -0.7000000000000001, -0.4, 12.700000000000001, 0.5, -0.5, 14.4, 2.9000000000000004, 0.1, 16.8, 2.8000000000000003, 0.6000000000000001, 18.2, 1.0, 0.9, 19.1, -0.1, 1.7000000000000002, 20.400000000000002, 0.1, 2.5, 20.200000000000003, 0.30000000000000004, 3.1, 19.0, -0.7000000000000001, 3.0, 18.400000000000002, -1.4000000000000001, 2.5, 18.7, -1.2000000000000002, 1.7000000000000002, 18.6, -0.8, 0.7000000000000001, 17.400000000000002, 0.2, 0.1, 15.700000000000001, 1.2000000000000002, -0.30000000000000004, 14.0, 1.0, -0.6000000000000001, 12.5, 0.5, -0.5, 11.4, -0.2, -0.6000000000000001, 10.600000000000001, -0.30000000000000004, -0.5, 10.0, -0.1, -0.5, 8.9, 0.1, -0.5, 7.2, 0.6000000000000001, -0.1, 5.300000000000001, 0.7000000000000001, 0.1, 3.5, 1.1, 0.6000000000000001, 2.3000000000000003, 1.6, 1.1, 2.0, 1.6, 1.1, 2.0, 1.7000000000000002, 1.4000000000000001, 2.3000000000000003, 1.4000000000000001, 1.8, 1.9000000000000001, 0.30000000000000004, 1.9000000000000001, 0.8, -0.8, 2.0, -0.1, -0.8, 2.2, -0.2, 0.0, 2.3000000000000003, 0.30000000000000004, 1.0, 2.6, 0.5, 1.1, 2.7, 0.1, -0.2, 2.6, 0.9, -1.2000000000000002, 2.0, 2.4000000000000004, -1.3, 1.2000000000000002, 3.8000000000000003, -0.6000000000000001, 0.6000000000000001, 5.6000000000000005, 0.1, 0.30000000000000004, 7.9, 0.8, 0.1, 10.0, 0.9, -0.30000000000000004, 11.4, -0.30000000000000004, -0.7000000000000001, 12.0, -0.2, -1.0, 12.700000000000001, 1.2000000000000002, -0.5, 13.9, 1.2000000000000002, -0.1, 15.3, 0.30000000000000004, -0.1, 16.2, 0.4, -0.1, 17.7, 1.3, 0.4, 18.900000000000002, 0.9, 0.9, 18.8, 0.0, 1.3, 17.900000000000002, 0.0, 1.3, 17.900000000000002, -0.5, 1.2000000000000002, 16.900000000000002, -0.4, 1.3, 16.8, -0.2, 1.3, 17.7, 0.0, 0.9, 19.200000000000003, -0.30000000000000004, 0.30000000000000004, 20.5, -0.4, -0.2, 21.0, -0.1, -0.7000000000000001, 19.3, 0.30000000000000004, -1.0, 16.5, 0.30000000000000004, -1.2000000000000002, 13.700000000000001, -0.30000000000000004, -0.8, 11.200000000000001, -0.7000000000000001, -0.6000000000000001, 9.4, -0.4, -0.30000000000000004, 8.5, -0.1, -0.2, 8.200000000000001, 0.30000000000000004, 0.1, 7.9, 0.4, 0.2, 7.0, 0.2, 0.30000000000000004, 5.300000000000001, -0.1, 0.5, 3.4000000000000004, 0.30000000000000004, 0.8, 2.0, 1.1, 1.2000000000000002, 1.0, 1.5, 1.6, 0.7000000000000001, 1.0, 1.9000000000000001, 0.1, -0.1, 2.1, -0.7000000000000001, -0.4, 2.1, -0.6000000000000001, 0.4, 2.3000000000000003, -0.2, 0.4, 2.3000000000000003, -0.2, 0.7000000000000001, 2.3000000000000003, -0.30000000000000004, 1.0, 2.6, -0.30000000000000004, 0.6000000000000001, 2.5, 0.2, 0.8, 2.5, 0.5, -0.2, 1.7000000000000002, 1.3, -0.9, 0.9, 3.6, -0.1, 0.2, 6.0, 0.9, -0.2, 8.4, 0.9, -0.2, 10.600000000000001, -0.30000000000000004, -0.8, 11.0, -0.8, -0.9, 11.600000000000001, -0.9, -1.4000000000000001, 12.8, 0.7000000000000001, -1.4000000000000001, 13.700000000000001, 1.4000000000000001, -1.6, 14.700000000000001, 2.0, -1.4000000000000001, 16.0, 0.2, -1.4000000000000001, 17.2, -1.7000000000000002, -1.4000000000000001, 18.6, -0.7000000000000001, -0.8, 19.8, 1.7000000000000002, -0.1, 20.6, 1.9000000000000001, 0.0, 21.1, 0.6000000000000001, -0.1, 21.8, -0.4, -0.1, 22.1, -0.9, -0.1, 21.200000000000003, -1.2000000000000002, 0.0, 18.900000000000002, -1.2000000000000002, 0.0, 18.900000000000002, -1.3, -0.2, 16.3, -0.7000000000000001, -0.4, 14.600000000000001, -0.2, -0.8, 13.5, 0.6000000000000001, -1.1, 12.9, 0.9, -1.3, 12.100000000000001, 0.5, -1.3, 11.100000000000001, -0.2, -1.3, 9.600000000000001, -0.30000000000000004, -0.9, 7.7, -0.1, -0.6000000000000001, 5.6000000000000005, 0.6000000000000001, -0.2, 4.4, 1.3, 0.2, 4.0, 1.4000000000000001, 0.5, 3.3000000000000003, 1.2000000000000002, 0.9, 2.5, 0.7000000000000001, 1.3, 1.7000000000000002, 0.0, 1.7000000000000002, 1.2000000000000002, -0.2, 2.0, 0.6000000000000001, 0.0, 2.1, 0.1, 0.0, 2.2, -0.8, 0.7000000000000001, 2.5, -1.2000000000000002, 1.2000000000000002, 2.7, -0.7000000000000001, 1.3, 2.8000000000000003, 0.5, 0.4, 2.7, 1.0, -0.6000000000000001, 2.2, 1.0, -1.5, 1.4000000000000001, 1.8, -1.5, 1.4000000000000001, 1.8, -1.3, 0.4, 4.3, 0.30000000000000004, -0.1, 7.4, 1.7000000000000002, -0.1, 10.100000000000001, 0.9, -0.7000000000000001, 11.8, -0.5, -1.4000000000000001, 12.700000000000001, -0.6000000000000001, -1.7000000000000002, 13.600000000000001, 0.5, -1.4000000000000001, 15.100000000000001, 1.6, -0.9, 16.900000000000002, 1.9000000000000001, -0.4, 18.1, 1.6, 0.2, 18.0, 0.6000000000000001, 0.6000000000000001, 18.0, 0.5, 1.1, 19.5, 0.30000000000000004, 1.1, 22.1, 0.2, 0.8, 24.1, 0.0, 0.30000000000000004, 23.8, -0.4, -0.2, 22.5, 0.0, -0.6000000000000001, 20.8, 0.1, -0.9, 18.5, 0.0, -0.9, 15.5, -0.2, -0.8, 13.0, -0.30000000000000004, -0.8, 11.8, 0.0, -0.9, 11.200000000000001, 0.30000000000000004, -1.0, 10.3, 0.4, -1.2000000000000002, 9.0, 0.7000000000000001, -1.1, 7.1000000000000005, 0.7000000000000001, -1.1, 7.1000000000000005, 0.8, -0.8, 4.9, 0.9, -0.30000000000000004, 2.8000000000000003, 1.3, 0.4, 0.8, 1.7000000000000002, 1.0, -0.6000000000000001, 1.6, 1.7000000000000002, -1.3, 0.5, 2.0, -1.9000000000000001, 0.5, 2.0, -1.9000000000000001, -1.1, 2.3000000000000003, -1.0, -0.5, 2.5, -0.2, 0.30000000000000004, 2.5, 0.30000000000000004, 0.0, 2.7, 0.30000000000000004, -0.5, 2.7, 0.5, -1.1, 2.5, 1.2000000000000002, -1.8, 1.8, 1.9000000000000001, -1.5, 1.0, 3.1, -0.5, 0.1, 4.9, 0.7000000000000001, -0.2, 7.7, 1.1, -0.7000000000000001, 10.200000000000001, 0.6000000000000001, -0.9, 11.700000000000001, -0.7000000000000001, -1.3, 11.9, -1.7000000000000002, -1.6, 12.3, -0.7000000000000001, -1.6, 13.700000000000001, 0.9, -1.7000000000000002, 14.8, 1.9000000000000001, -1.9000000000000001, 15.3, 1.9000000000000001, -1.9000000000000001, 15.3, 1.9000000000000001, -1.9000000000000001, 15.3, 3.1, -1.9000000000000001, 18.5, 3.1, -1.1, 20.6, 2.2, -0.2, 21.900000000000002, 0.9, 0.5, 22.3, -0.30000000000000004, 