{"sampling_freq": 62.5, "draw_graphs": true, "axes": ["x", "y", "z"], "implementation_version": 1, "params": {"scale_axes": 1, "filter_type": "low", "filter_cutoff": 3, "filter_order": 6, "fft_length": 128, "spectral_peaks_count": 3, "spectral_peaks_threshold": 0.1, "spectral_power_edges": [0.1, 0.5, 1.0, 2.0, 5.0], "do_log": false, "do_fft_overlap": true}, "features": [-0.1, 1.2000000000000002, 5.2, -1.5, 0.8, 5.9, -1.7000000000000002, 0.5, 7.5, -0.8, 0.6000000000000001, 9.200000000000001, 0.4, 0.9, 10.100000000000001, 0.5, 1.1, 9.9, -0.6000000000000001, 0.9, 9.9, -0.8, 0.8, 11.4, -0.6000000000000001, 1.0, 12.600000000000001, 0.2, 1.7000000000000002, 13.3, 2.1, 1.9000000000000001, 14.200000000000001, 1.5, 1.7000000000000002, 15.700000000000001, -0.4, 1.7000000000000002, 17.5, -2.6, 1.9000000000000001, 18.6, -2.3000000000000003, 2.0, 18.8, -2.3000000000000003, 2.0, 18.8, -0.6000000000000001, 2.2, 19.0, 0.4, 2.0, 17.900000000000002, 0.30000000000000004, 1.6, 16.2, -0.30000000000000004, 1.2000000000000002, 15.3, -0.8, 0.9, 15.0, -0.9, 0.6000000000000001, 14.5, -1.1, 0.6000000000000001, 13.3, -0.7000000000000001, 0.6000000000000001, 12.0, -0.7000000000000001, 0.6000000000000001, 12.0, -0.7000000000000001, 0.6000000000000001, 12.0, -0.1, 0.2, 10.100000000000001, -0.1, 0.1, 9.200000000000001, -0.6000000000000001, 0.2, 8.1, -0.8, 0.2, 7.1000000000000005, -0.6000000000000001, 0.30000000000000004, 5.800000000000001, -0.5, 0.5, 4.5, 0.1, 0.7000000000000001, 3.1, 0.6000000000000001, 0.9, 2.1, 0.7000000000000001, 1.0, 1.9000000000000001, 0.4, 1.2000000000000002, 2.0, -0.1, 1.0, 2.2, 0.1, 0.8, 3.1, 0.4, 0.8, 3.5, 0.5, 0.9, 2.4000000000000004, 0.8, 1.2000000000000002, 0.8, 1.1, 1.5, 0.7000000000000001, 1.0, 1.4000000000000001, 2.3000000000000003, 0.0, 1.1, 5.1000000000000005, -1.6, 1.1, 8.1, -2.8000000000000003, 1.2000000000000002, 9.200000000000001, -2.4000000000000004, 1.4000000000000001, 9.4, -1.3, 1.5, 9.8, 0.2, 1.6, 10.4, 0.30000000000000004, 1.3, 11.0, 0.30000000000000004, 1.3, 11.0, -0.7000000000000001, 1.2000000000000002, 11.8, -1.6, 1.3, 13.4, -1.0, 1.5, 15.200000000000001, 0.1, 1.6, 16.1, 0.7000000000000001, 1.9000000000000001, 16.0, 0.30000000000000004, 2.1, 15.8, -0.4, 2.2, 16.7, -0.6000000000000001, 2.5, 17.8, -0.8, 2.8000000000000003, 18.0, -1.1, 2.8000000000000003, 17.7, -1.2000000000000002, 2.6, 17.8, -0.8, 2.0, 17.8, -0.4, 1.4000000000000001, 17.3, -0.5, 1.0, 15.700000000000001, -0.4, 0.9, 13.3, -0.30000000000000004, 0.9, 11.200000000000001, -0.30000000000000004, 0.9, 10.200000000000001, 0.1, 0.8, 9.9, 0.0, 0.7000000000000001, 10.100000000000001, 0.2, 0.7000000000000001, 9.9, -0.4, 0.7000000000000001, 8.9, -0.7000000000000001, 0.8, 7.5, -0.9, 0.8, 6.2, -0.5, 0.9, 5.0, -0.5, 0.9, 5.0, 0.4, 0.8, 4.3, 0.4, 0.8, 4.3, 0.9, 0.7000000000000001, 3.7, 0.8, 0.9, 3.1, 0.8, 1.2000000000000002, 2.7, 0.2, 1.5, 2.2, 0.30000000000000004, 1.7000000000000002, 2.0, 0.5, 1.6, 2.0, 0.8, 1.5, 3.0, 0.9, 1.4000000000000001, 3.9000000000000004, 0.4, 1.6, 4.3, 0.2, 1.9000000000000001, 4.9, -1.0, 1.7000000000000002, 6.1000000000000005, -1.8, 1.5, 7.6000000000000005, -2.3000000000000003, 1.0, 8.200000000000001, -1.0, 0.9, 8.8, 0.6000000000000001, 1.1, 9.8, 1.3, 1.3, 10.0, -0.2, 1.5, 9.5, -1.7000000000000002, 1.7000000000000002, 10.0, -1.2000000000000002, 1.7000000000000002, 11.700000000000001, -0.5, 1.6, 13.3, -0.30000000000000004, 1.6, 14.3, 0.0, 1.9000000000000001, 14.9, 0.2, 2.1, 15.200000000000001, 0.2, 2.1, 15.200000000000001, 0.1, 2.0, 15.3, -0.7000000000000001, 2.1, 15.700000000000001, -0.1, 2.2, 16.5, 0.2, 2.3000000000000003, 17.0, 0.0, 2.3000000000000003, 17.3, -0.7000000000000001, 2.2, 17.6, -1.0, 1.8, 17.400000000000002, -1.2000000000000002, 1.3, 16.900000000000002, -0.5, 0.9, 16.400000000000002, 0.9, 0.30000000000000004, 13.9, 0.1, 0.2, 12.200000000000001, 0.1, 0.2, 12.200000000000001, -0.1, 0.4, 10.4, 0.0, 0.7000000000000001, 9.3, -0.2, 0.9, 8.200000000000001, -0.6000000000000001, 1.0, 7.2, -0.9, 1.2000000000000002, 6.300000000000001, -0.9, 1.2000000000000002, 6.300000000000001, -0.2, 1.3, 5.0, 0.30000000000000004, 1.2000000000000002, 4.7, 1.1, 1.1, 4.3, 1.7000000000000002, 1.0, 4.2, 1.4000000000000001, 1.1, 3.7, 1.4000000000000001, 1.1, 3.7, 1.4000000000000001, 1.1, 3.7, -1.8, 1.0, 2.5, -1.0, 1.2000000000000002, 2.0, -1.0, 1.2000000000000002, 2.0, 1.8, 1.3, 2.3000000000000003, 2.2, 1.3, 2.9000000000000004, 1.1, 1.5, 3.8000000000000003, -0.9, 1.8, 4.6000000000000005, -1.6, 2.0, 5.300000000000001, -1.6, 2.0, 5.300000000000001, -0.9, 1.8, 8.200000000000001, -0.4, 1.5, 10.5, -0.4, 1.5, 10.5, -0.1, 1.4000000000000001, 12.5, 0.0, 1.5, 11.9, 0.1, 1.6, 11.4, -0.1, 1.7000000000000002, 12.0, 0.5, 1.9000000000000001, 13.5, 0.0, 2.1, 14.9, -1.1, 2.2, 15.700000000000001, -1.1, 2.5, 15.700000000000001, -0.6000000000000001, 3.0, 15.600000000000001, 0.0, 3.0, 15.700000000000001, 0.0, 2.8000000000000003, 15.8, 0.0, 2.8000000000000003, 15.8, -0.2, 2.7, 15.8, -0.5, 2.5, 15.8, -1.0, 2.2, 16.3, -0.4, 1.9000000000000001, 16.400000000000002, 0.1, 1.6, 15.100000000000001, 0.30000000000000004, 1.4000000000000001, 13.200000000000001, 0.1, 1.2000000000000002, 11.8, -0.1, 1.2000000000000002, 11.100000000000001, -0.4, 1.1, 10.200000000000001, -0.8, 1.1, 9.200000000000001, -0.5, 1.0, 9.0, 0.4, 0.8, 9.700000000000001, 1.1, 0.4, 10.200000000000001, 0.7000000000000001, 0.30000000000000004, 9.200000000000001, -0.30000000000000004, 0.2, 7.800000000000001, -0.6000000000000001, 0.30000000000000004, 6.5, -0.4, 0.5, 5.2, -0.1, 0.7000000000000001, 4.3, 0.1, 1.0, 3.9000000000000004, 0.1, 1.1, 3.5, 0.4, 1.2000000000000002, 3.4000000000000004, 1.0, 1.2000000000000002, 3.4000000000000004, 1.6, 1.4000000000000001, 3.1, 1.4000000000000001, 1.6, 1.9000000000000001, 1.4000000000000001, 1.6, 1.9000000000000001, 0.7000000000000001, 1.7000000000000002, 0.7000000000000001, 0.6000000000000001, 1.8, 0.7000000000000001, 0.5, 1.5, 2.2, 0.2, 1.2000000000000002, 4.9, 0.30000000000000004, 1.0, 7.4, -0.1, 0.9, 8.700000000000001, -0.6000000000000001, 0.9, 8.700000000000001, -0.5, 1.1, 8.200000000000001, -0.1, 1.3, 8.4, 0.1, 1.0, 9.700000000000001, -0.2, 0.8, 12.200000000000001, -0.6000000000000001, 0.6000000000000001, 14.8, -0.5, 0.7000000000000001, 16.7, 0.2, 1.0, 17.5, 0.6000000000000001, 1.5, 16.900000000000002, 0.4, 1.8, 16.0, 0.0, 2.1, 16.1, 0.0, 2.3000000000000003, 16.8, -0.1, 2.0, 18.2, -0.2, 1.4000000000000001, 19.900000000000002, -0.2, 1.0, 20.200000000000003, 0.2, 0.4, 18.5, 0.1, 0.2, 16.3, 0.2, 0.1, 14.200000000000001, 0.2, 0.1, 14.200000000000001, 0.6000000000000001, 0.2, 12.3, 0.6000000000000001, 0.30000000000000004, 11.0, 0.4, 0.4, 10.100000000000001, 0.4, 0.4, 9.9, 0.2, 0.4, 9.700000000000001, -0.2, 0.30000000000000004, 8.700000000000001, 0.0, 0.4, 7.300000000000001, 0.0, 0.30000000000000004, 6.1000000000000005, 0.4, 0.4, 5.5, 0.9, 0.4, 5.4, 1.0, 0.4, 5.1000000000000005, 0.8, 0.5, 4.4, 0.7000000000000001, 0.6000000000000001, 3.8000000000000003, 0.1, 0.8, 3.0, 0.0, 0.9, 2.5, 0.6000000000000001, 1.0, 2.5, 0.8, 1.1, 2.5, 0.8, 1.1, 2.5, 0.9, 1.5, 2.1, 0.5, 1.7000000000000002, 3.5, 0.5, 1.7000000000000002, 3.5, -1.2000000000000002, 1.5, 6.300000000000001, -1.3, 1.3, 6.7, 0.1, 1.0, 7.4, 0.1, 1.0, 7.4, 0.6000000000000001, 0.9, 8.3, 1.0, 1.1, 8.8, -0.4, 1.1, 9.3, -1.5, 1.1, 10.3, -1.5, 1.1, 12.200000000000001, -1.5, 1.1, 12.200000000000001, 0.8, 1.5, 14.9, 0.6000000000000001, 1.6, 14.8, -0.1, 1.8, 14.8, -0.30000000000000004, 2.0, 15.3, 0.0, 2.2, 16.1, 0.0, 2.2, 16.1, 0.1, 2.6, 17.400000000000002, -0.30000000000000004, 2.3000000000000003, 17.3, -0.30000000000000004, 2.3000000000000003, 17.3, -0.2, 1.4000000000000001, 17.7, 0.7000000000000001, 0.9, 17.7, 0.7000000000000001, 0.9, 17.7, 0.5, 0.4, 14.4, 0.1, 0.5, 12.600000000000001, 0.1, 0.5, 12.600000000000001, 0.1, 0.7000000000000001, 10.700000000000001, 0.0, 0.7000000000000001, 10.0, 0.0, 0.7000000000000001, 10.0, 0.0, 0.7000000000000001, 10.0, -0.5, 0.8, 8.4, -0.4, 0.8, 7.7, -0.1, 0.7000000000000001, 6.9, 1.0, 0.6000000000000001, 6.7, 1.6, 0.5, 